<?xml version="1.0" encoding="UTF-8"?>
<ksdk:examples xmlns:ksdk="http://nxp.com/ksdk/2.0/ksdk_manifest_v3.0.xsd" xmlns:xsi="http://www.w3.org/2001/XMLSchema-instance" xsi:schemaLocation="http://nxp.com/ksdk/2.0/ksdk_manifest_v3.0.xsd manifest.xsd">
  <externalDefinitions>
    <definition extID="com.nxp.mcuxpresso"/>
    <definition extID="component.lists.MKE04Z4"/>
    <definition extID="component.uart_adapter.MKE04Z4"/>
    <definition extID="device.MKE04Z4_CMSIS.MKE04Z4"/>
    <definition extID="device.MKE04Z4_startup.MKE04Z4"/>
    <definition extID="platform.Include_common.MKE04Z4"/>
    <definition extID="platform.Include_core_cm0plus.MKE04Z4"/>
    <definition extID="platform.drivers.clock.MKE04Z4"/>
    <definition extID="platform.drivers.common.MKE04Z4"/>
    <definition extID="platform.drivers.gpio_1.MKE04Z4"/>
    <definition extID="platform.drivers.port_ke04.MKE04Z4"/>
    <definition extID="platform.drivers.rtc_1.MKE04Z4"/>
    <definition extID="platform.drivers.uart.MKE04Z4"/>
    <definition extID="platform.utilities.assert_lite.MKE04Z4"/>
    <definition extID="utility.debug_console_lite.MKE04Z4"/>
    <definition extID="iar"/>
    <definition extID="mdk"/>
    <definition extID="mcuxpresso"/>
    <definition extID="armgcc"/>
  </externalDefinitions>
  <example id="frdmke04z_rtc_1" name="rtc_1" category="driver_examples" dependency="platform.drivers.rtc_1.MKE04Z4 platform.drivers.clock.MKE04Z4 platform.drivers.common.MKE04Z4 device.MKE04Z4_CMSIS.MKE04Z4 component.uart_adapter.MKE04Z4 component.lists.MKE04Z4 device.MKE04Z4_startup.MKE04Z4 platform.drivers.uart.MKE04Z4 platform.drivers.port_ke04.MKE04Z4 platform.drivers.gpio_1.MKE04Z4 utility.debug_console_lite.MKE04Z4 platform.utilities.assert_lite.MKE04Z4 platform.Include_core_cm0plus.MKE04Z4 platform.Include_common.MKE04Z4">
    <projects>
      <project type="com.crt.advproject.projecttype.exe" nature="org.eclipse.cdt.core.cnature"/>
    </projects>
    <toolchainSettings>
      <toolchainSetting id_refs="com.nxp.mcuxpresso">
        <option id="com.crt.advproject.gas.fpu" type="enum">
          <value>com.crt.advproject.gas.fpu.none</value>
        </option>
        <option id="com.crt.advproject.gcc.fpu" type="enum">
          <value>com.crt.advproject.gcc.fpu.none</value>
        </option>
        <option id="com.crt.advproject.c.misc.dialect" type="enum">
          <value>com.crt.advproject.misc.dialect.gnu99</value>
        </option>
        <option id="gnu.c.compiler.option.preprocessor.def.symbols" type="stringList">
          <value>CPU_MKE04Z8VFK4</value>
          <value>PRINTF_ADVANCED_ENABLE=1</value>
          <value>SCANF_ADVANCED_ENABLE=1</value>
          <value>FRDM_KE04Z</value>
          <value>FREEDOM</value>
        </option>
        <option id="gnu.c.compiler.option.optimization.flags" type="string">
          <value>-fno-common</value>
        </option>
        <option id="gnu.c.compiler.option.misc.other" type="string">
          <value>-c  -ffunction-sections  -fdata-sections  -ffreestanding  -fno-builtin</value>
        </option>
        <option id="com.crt.advproject.link.fpu" type="enum">
          <value>com.crt.advproject.link.fpu.none</value>
        </option>
        <option id="gnu.c.link.option.nostdlibs" type="boolean">
          <value>true</value>
        </option>
      </toolchainSetting>
    </toolchainSettings>
    <source path="boards/frdmke04z/driver_examples/rtc/iar" target_path="src" type="linker" toolchain="iar">
      <files mask="MKE04Z8xxx4_flash.icf"/>
    </source>
    <source path="boards/frdmke04z/driver_examples/rtc/mdk" target_path="src" type="linker" toolchain="mdk">
      <files mask="MKE04Z8xxx4_flash.scf"/>
    </source>
    <source path="boards/frdmke04z/driver_examples/rtc" target_path="board" type="c_include">
      <files mask="board.h"/>
      <files mask="clock_config.h"/>
      <files mask="pin_mux.h"/>
    </source>
    <source path="boards/frdmke04z/driver_examples/rtc" target_path="board" type="src">
      <files mask="board.c"/>
      <files mask="clock_config.c"/>
      <files mask="pin_mux.c"/>
    </source>
    <source path="boards/frdmke04z/driver_examples/rtc" target_path="doc" type="doc" toolchain="iar mdk mcuxpresso armgcc">
      <files mask="readme.txt"/>
    </source>
    <source path="boards/frdmke04z/driver_examples/rtc" target_path="source" type="src">
      <files mask="rtc.c"/>
    </source>
    <source path="devices/MKE04Z4/gcc" target_path="src" type="linker" toolchain="armgcc">
      <files mask="MKE04Z8xxx4_flash.ld"/>
    </source>
  </example>
</ksdk:examples>
